珠海证券有限公司,,,,,,
重庆有价证券公司,,,,,,
中原证券股份有限公司,,,,,,
中银国际证券有限责任公司,中银国际证券股份有限公司,,,,,
中信证券有限责任公司,中信证券股份有限责任公司,中信证券股份有限公司,,,,
中信万通证券有限责任公司,,,,,,
中信建投证券有限责任公司,中信建投证券股份有限公司,中信建投股份有限公司,,,,
中天国富证券有限公司,,,,,,
中泰证券股份有限公司,齐鲁证券有限公司,,,,,
中山证券有限责任公司,,,,,,
中煤信托投资有限责任公司,,,,,,
中航证券有限公司,,,,,,
中国中投证券有限责任公司,,,,,,
中国长城资产管理公司,,,,,,
中国银河证券有限责任公司,中国银河证券股份有限公司,,,,,
中国银行深圳国际信托咨询公司,,,,,,
中国信达资产管理公司,中国信达信托投资公司,,,,,
中国太平洋保险公司深圳分公司证券业务部,,,,,,
中国人民建设银行上海信托投资公司,中国人民建设银行上海市信托投资公司,,,,,
中国人民建设银行北京市信托投资公司,,,,,,
中国人保信托投资公司,,,,,,
中国平安保险公司,,,,,,
中国农业银行上海市信托投资公司,,,,,,
中国南方证券有限公司,,,,,,
中国民族证券有限责任公司,,,,,,
中国民族国际信托投资公司,,,,,,
中国科技证券有限责任公司,,,,,,
中国科技国际信托投资有限责任公司,,,,,,
中国经济开发信托投资公司,,,,,,
中国教育科技信托投资有限公司,,,,,,
中国建银投资证券有限公司,,,,,,
中国华融资产管理公司,,,,,,
中国华融信托投资公司,,,,,,
中国国泰证券有限公司,,,,,,
中国国际金融有限公司,中国国际金融股份有限公司,,,,,
中国光大银行,,,,,,
中国工商银行四川省信托投资公司,,,,,,
中国工商银行深圳市信托投资公司,,,,,,
中国东方信托投资公司,,,,,,
中德证券有限责任公司,中德证券股份有限公司,,,,,
浙商证券有限责任公司,浙商证券股份有限公司,,,,,
浙江证券有限责任公司,浙江省证券公司,,,,,
浙江省国际信托投资公司,,,,,,
招银证券公司,招商证券股份有限公司,招商银行证券业务部,招商银行(证券业务部),,,
招商银行,,,,,,
长江证券有限责任公司,湖北证券公司,,,,,
长江证券承销保荐有限公司,长江巴黎百富勤证券有限责任公司,,,,,
长城证券有限责任公司,长城证券有限公司,长城证券股份有限公司,,,,
云南证券有限责任公司,云南省证券公司,,,,,
英大证券有限责任公司,,,,,,
兴业证券股份有限公司,,,,,,
信达证券股份有限公司,,,,,,
新时代证券有限责任公司,新时代证券股份有限公司,,,,,
新疆证券有限责任公司,,,,,,
新疆宏源信托投资股份有限公司,,,,,,
湘财证券有限责任公司,湘财证券股份有限公司,,,,,
西南证券有限责任公司,西南证券股份有限公司,,,,,
西藏同信证券股份有限公司,,,,,,
西部证券股份有限公司,,,,,,
西北证券有限责任公司,,,,,,
武汉证券公司,,,,,,
蔚深证券有限责任公司,,,,,,
万联证券有限责任公司,万联证券股份有限公司,,,,,
万和证券股份有限公司,,,,,,
天一证券有限责任公司,宁波证券有限责任公司,宁波证券公司,,,,
天同证券有限责任公司,山东证券有限责任公司,,,,,
天津信托投资公司,天津市证券公司,天津北方国际信托投资公司,渤海证券有限责任公司,渤海证券股份有限公司,,
天风证券股份有限公司,,,,,,
泰阳证券有限责任公司,湖南证券有限责任公司,湖南证券股份有限公司,,,,
太平洋证券股份有限公司,,,,,,
首创证券有限责任公司,,,,,,
世纪证券有限责任公司,,,,,,
深圳经济特区证券公司,,,,,,
深圳国投证券有限公司,深圳国投证券营业部,,,,,
深圳国泰证券有限公司,,,,,,
深圳国际信托投资公司,,,,,,
申银万国证券有限公司,申银万国证券股份有限公司,上海申银证券有限公司,上海申银证券公司,上海万国证券公司,申万宏源证券有限公司,申万宏源证券承销保荐有限责任公司
上海浦东发展银行,,,,,,
上海华信证券有限责任公司,财富里昂证券有限责任公司,华欧国际证券有限责任公司,,,,
上海海通证券公司,海通证券有限公司,海通证券股份有限公司,,,,
上海财政证券公司,,,,,,
上海爱建信托投资公司,,,,,,
汕头证券有限公司,,,,,,
陕西省证券公司,,,,,,
山西证券有限责任公司,山西证券股份有限公司,,,,,
山东省国际信托投资公司证券部,山东省国际信托投资公司,,,,,
厦门证券有限公司,厦门证券公司,,,,,
三峡证券有限责任公司,,,,,,
瑞银证券有限责任公司,,,,,,
瑞信方正证券有限责任公司,,,,,,
平安证券有限责任公司,平安证券股份有限公司,,,,,
南京证券有限责任公司,南京证券股份有限公司,,,,,
南方证券有限责任公司,南方证券有限公司,南方证券股份有限公司,,,,
摩根士丹利华鑫证券有限责任公司,,,,,,
闽发证券有限责任公司,,,,,,
辽宁省证券公司,,,,,,
联合证券有限责任公司,,,,,,
联储证券有限责任公司,,,,,,
兰州市信托投资公司,,,,,,
君安证券有限责任公司,君安证券有限公司,,,,,
巨田证券有限责任公司,,,,,,
九州证券有限公司,九州证券股份有限公司,,,,,
金元证券有限责任公司,金元证券股份有限公司,,,,,
金信证券有限责任公司,,,,,,
江苏证券有限责任公司,江南证券有限责任公司,,,,,
江苏省证券公司,,,,,,
江门国际信托投资公司,,,,,,
江海证券有限公司,,,,,,
吉林省证券有限责任公司,东北证券有限责任公司,东北证券股份有限公司,,,,
吉林省证券公司,,,,,,
黄河证券有限责任公司,民生证券有限责任公司,民生证券股份有限公司,,,,
华英证券有限责任公司,,,,,,
华夏证券有限公司,华夏证券股份有限公司,,,,,
华西证券有限责任公司,华西证券股份有限公司,,,,,
华泰证券有限责任公司,华泰证券股份有限公司,,,,,
华泰联合证券有限责任公司,,,,,,
华融证券股份有限公司,,,,,,
华龙证券有限责任公司,华龙证券股份有限公司,,,,,
华林证券有限责任公司,华林证券股份有限公司,,,,,
华金证券有限责任公司,,,,,,
华福证券有限责任公司,福建省华福证券公司,,,,,
华创证券有限责任公司,,,,,,
宏源证券股份有限公司,,,,,,
宏信证券有限责任公司,宏信证券股份有限公司,,,,,
红塔证券股份有限公司,,,,,,
恒泰证券有限责任公司,恒泰证券股份有限公司,,,,,
恒泰长财证券有限责任公司,,,,,,
河南省证券公司,,,,,,
河北证券有限责任公司,,,,,,
汉唐证券有限责任公司,,,,,,
海南省证券公司,海南省国际信托投资公司,,,,,
海南港澳国际信托投资有限公司,,,,,,
海际证券有限责任公司,海际大和证券有限责任公司,,,,,
哈尔滨证券公司,,,,,,
国元证券有限责任公司,国元证券股份有限公司,,,,,
国信证券有限责任公司,国信证券有限公司,,,,,
国信证券股份有限公司,国通证券有限责任公司,国通证券股份有限公司,,,,
国泰证券有限公司,,,,,,
国泰君安证券有限责任公司,国泰君安证券股份有限责任公司,国泰君安证券股份有限公司,,,,
国盛证券有限责任公司,,,,,,
国融证券股份有限公司,,,,,,
国联证券有限责任公司,国联证券股份有限公司,,,,,
国开证券有限责任公司,国开证券股份有限公司,,,,,
国金证券有限责任公司,国金证券股份有限公司,,,,,
国海证券有限责任公司,国海证券股份有限公司,,,,,
国都证券有限责任公司,国都证券股份有限公司,,,,,
贵州证券公司,,,,,,
广州证券有限责任公司,广州证券股份有限公司,广州证券公司,,,,
广发证券有限责任公司,广发证券股份有限公司,广东广发证券有限责任公司,广东广发证券公司,,,
广东证券股份有限公司,广东证券公司,,,,,
光大证券有限责任公司,光大证券有限公司,光大证券股份有限公司,,,,
高盛高华证券有限责任公司,,,,,,
甘肃证券有限责任公司,,,,,,
甘肃省信托投资公司,,,,,,
福建兴业证券有限公司,福建兴业证券公司,,,,,
福建兴业银行厦门分行,,,,,,
福建兴业银行,,,,,,
福建省闽发证券有限公司,福建省闽发证券公司,,,,,
福建华兴信托投资公司,,,,,,
佛山国际信托投资公司,,,,,,
方正证券有限责任公司,方正证券股份有限公司,,,,,
东兴证券股份有限公司,,,,,,
东吴证券有限责任公司,东吴证券股份有限公司,,,,,
东海证券有限责任公司,东海证券股份有限公司,,,,,
东莞证券有限责任公司,东莞证券股份有限公司,,,,,
东方证券有限责任公司,东方证券股份有限公司,,,,,
东方花旗证券有限公司,,,,,,
第一创业证券有限责任公司,第一创业证券股份有限公司,,,,,
第一创业证券承销保荐有限责任公司,第一创业摩根大通证券有限责任公司,,,,,
德邦证券有限责任公司,德邦证券股份有限公司,,,,,
大通证券股份有限公司,,,,,,
大鹏证券有限责任公司,,,,,,
大连证券有限责任公司,,,,,,
川财证券有限责任公司,,,,,,
财通证券有限责任公司,财通证券股份有限公司,,,,,
财富证券有限责任公司,,,,,,
财达证券有限责任公司,,,,,,
北亚实业(集团)股份有限公司,,,,,,
北京中和应泰管理顾问有限公司,北京证券有限公司,北京证券有限责任公司,,,,
北京国际信托投资公司,,,,,,
鞍山市信托投资股份有限公司证券经营部,,,,,,
安信证券股份有限公司,,,,,,
安徽省证券公司,华安证券有限责任公司,华安证券股份有限公司,,,,
安徽省信托投资公司,,,,,,
安徽省国际信托投资公司,,,,,,
爱建证券有限责任公司,,,,,,
